Workbook

Sheet Sheet2
A3: Sum of Survived | B3: Column Labels
A4: Row Labels | B4: 0 | C4: 1 | D4: Grand Total
A5: female | B5: 0 | C5: 233 | D5: 233
A6: male | B6: 0 | C6: 109 | D6: 109
A7: Grand Total | B7: 0 | C7: 342 | D7: 342

Sheet Sheet3
A3: Sum of Survived | B3: Column Labels
A4: Row Labels | B4: 0 | C4: 1 | D4: Grand Total
A5: 1 | B5: 0 | C5: 136 | D5: 136
A6: 2 | B6: 0 | C6: 87 | D6: 87
A7: 3 | B7: 0 | C7: 119 | D7: 119
A8: Grand Total | B8: 0 | C8: 342 | D8: 342

Sheet Sheet4
A3: Row Labels | B3: Count of Embarked
A4: C | B4: 168
A5: Q | B5: 77
A6: S | B6: 646
A7: Grand Total | B7: 891

Sheet train
A1: PassengerId | B1: Survived | C1: Pclass | D1: Name | E1: Sex | F1: Age | G1: SibSp | H1: Parch | I1: Ticket | J1: Fare | K1: Cabin | L1: Embarked | M1: Age Group
A2: 1 | B2: 0 | C2: 3 | D2: Braund, Mr. Owen Harris | E2: male | F2: 22 | G2: 1 | H2: 0 | I2: A/5 21171 | J2: 7.25 | K2: Unknown | L2: S | M2: =IF(F2<13,"Child",IF(F2<20,"Teenager",IF(F2<40,"Adult",IF(F2<60,"Middle Age","Senior")))) -> Adult
A3: 2 | B3: 1 | C3: 1 | D3: Cumings, Mrs. John Bradley (Florence Briggs Thayer) | E3: female | F3: 38 | G3: 1 | H3: 0 | I3: PC 17599 | J3: 71.2833 | K3: C85 | L3: C | M3: =IF(F3<13,"Child",IF(F3<20,"Teenager",IF(F3<40,"Adult",IF(F3<60,"Middle Age","Senior")))) -> Adult
A4: 3 | B4: 1 | C4: 3 | D4: Heikkinen, Miss. Laina | E4: female | F4: 26 | G4: 0 | H4: 0 | I4: STON/O2. 3101282 | J4: 7.925 | K4: Unknown | L4: S | M4: =IF(F4<13,"Child",IF(F4<20,"Teenager",IF(F4<40,"Adult",IF(F4<60,"Middle Age","Senior")))) -> Adult
A5: 4 | B5: 1 | C5: 1 | D5: Futrelle, Mrs. Jacques Heath (Lily May Peel) | E5: female | F5: 35 | G5: 1 | H5: 0 | I5: 113803 | J5: 53.1 | K5: C123 | L5: S | M5: =IF(F5<13,"Child",IF(F5<20,"Teenager",IF(F5<40,"Adult",IF(F5<60,"Middle Age","Senior")))) -> Adult
A6: 5 | B6: 0 | C6: 3 | D6: Allen, Mr. William Henry | E6: male | F6: 35 | G6: 0 | H6: 0 | I6: 373450 | J6: 8.05 | K6: Unknown | L6: S | M6: =IF(F6<13,"Child",IF(F6<20,"Teenager",IF(F6<40,"Adult",IF(F6<60,"Middle Age","Senior")))) -> Adult
A7: 6 | B7: 0 | C7: 3 | D7: Moran, Mr. James | E7: male | F7: 28 | G7: 0 | H7: 0 | I7: 330877 | J7: 8.4583 | K7: Unknown | L7: Q | M7: =IF(F7<13,"Child",IF(F7<20,"Teenager",IF(F7<40,"Adult",IF(F7<60,"Middle Age","Senior")))) -> Adult
A8: 7 | B8: 0 | C8: 1 | D8: McCarthy, Mr. Timothy J | E8: male | F8: 54 | G8: 0 | H8: 0 | I8: 17463 | J8: 51.8625 | K8: E46 | L8: S | M8: =IF(F8<13,"Child",IF(F8<20,"Teenager",IF(F8<40,"Adult",IF(F8<60,"Middle Age","Senior")))) -> Middle Age
A9: 8 | B9: 0 | C9: 3 | D9: Palsson, Master. Gosta Leonard | E9: male | F9: 2 | G9: 3 | H9: 1 | I9: 349909 | J9: 21.075 | K9: Unknown | L9: S | M9: =IF(F9<13,"Child",IF(F9<20,"Teenager",IF(F9<40,"Adult",IF(F9<60,"Middle Age","Senior")))) -> Child
A10: 9 | B10: 1 | C10: 3 | D10: Johnson, Mrs. Oscar W (Elisabeth Vilhelmina Berg) | E10: female | F10: 27 | G10: 0 | H10: 2 | I10: 347742 | J10: 11.1333 | K10: Unknown | L10: S | M10: =IF(F10<13,"Child",IF(F10<20,"Teenager",IF(F10<40,"Adult",IF(F10<60,"Middle Age","Senior")))) -> Adult
A11: 10 | B11: 1 | C11: 2 | D11: Nasser, Mrs. Nicholas (Adele Achem) | E11: female | F11: 14 | G11: 1 | H11: 0 | I11: 237736 | J11: 30.0708 | K11: Unknown | L11: C | M11: =IF(F11<13,"Child",IF(F11<20,"Teenager",IF(F11<40,"Adult",IF(F11<60,"Middle Age","Senior")))) -> Teenager
A12: 11 | B12: 1 | C12: 3 | D12: Sandstrom, Miss. Marguerite Rut | E12: female | F12: 4 | G12: 1 | H12: 1 | I12: PP 9549 | J12: 16.7 | K12: G6 | L12: S | M12: =IF(F12<13,"Child",IF(F12<20,"Teenager",IF(F12<40,"Adult",IF(F12<60,"Middle Age","Senior")))) -> Child
A13: 12 | B13: 1 | C13: 1 | D13: Bonnell, Miss. Elizabeth | E13: female | F13: 58 | G13: 0 | H13: 0 | I13: 113783 | J13: 26.55 | K13: C103 | L13: S | M13: =IF(F13<13,"Child",IF(F13<20,"Teenager",IF(F13<40,"Adult",IF(F13<60,"Middle Age","Senior")))) -> Middle Age
A14: 13 | B14: 0 | C14: 3 | D14: Saundercock, Mr. William Henry | E14: male | F14: 20 | G14: 0 | H14: 0 | I14: A/5. 2151 | J14: 8.05 | K14: Unknown | L14: S | M14: =IF(F14<13,"Child",IF(F14<20,"Teenager",IF(F14<40,"Adult",IF(F14<60,"Middle Age","Senior")))) -> Adult
A15: 14 | B15: 0 | C15: 3 | D15: Andersson, Mr. Anders Johan | E15: male | F15: 39 | G15: 1 | H15: 5 | I15: 347082 | J15: 31.275 | K15: Unknown | L15: S | M15: =IF(F15<13,"Child",IF(F15<20,"Teenager",IF(F15<40,"Adult",IF(F15<60,"Middle Age","Senior")))) -> Adult
A16: 15 | B16: 0 | C16: 3 | D16: Vestrom, Miss. Hulda Amanda Adolfina | E16: female | F16: 14 | G16: 0 | H16: 0 | I16: 350406 | J16: 7.8542 | K16: Unknown | L16: S | M16: =IF(F16<13,"Child",IF(F16<20,"Teenager",IF(F16<40,"Adult",IF(F16<60,"Middle Age","Senior")))) -> Teenager
A17: 16 | B17: 1 | C17: 2 | D17: Hewlett, Mrs. (Mary D Kingcome) | E17: female | F17: 55 | G17: 0 | H17: 0 | I17: 248706 | J17: 16 | K17: Unknown | L17: S | M17: =IF(F17<13,"Child",IF(F17<20,"Teenager",IF(F17<40,"Adult",IF(F17<60,"Middle Age","Senior")))) -> Middle Age
A18: 17 | B18: 0 | C18: 3 | D18: Rice, Master. Eugene | E18: male | F18: 28 | G18: 4 | H18: 1 | I18: 382652 | J18: 29.125 | K18: Unknown | L18: Q | M18: =IF(F18<13,"Child",IF(F18<20,"Teenager",IF(F18<40,"Adult",IF(F18<60,"Middle Age","Senior")))) -> Adult
A19: 18 | B19: 1 | C19: 2 | D19: Williams, Mr. Charles Eugene | E19: male | F19: 28 | G19: 0 | H19: 0 | I19: 244373 | J19: 13 | K19: Unknown | L19: S | M19: =IF(F19<13,"Child",IF(F19<20,"Teenager",IF(F19<40,"Adult",IF(F19<60,"Middle Age","Senior")))) -> Adult
A20: 19 | B20: 0 | C20: 3 | D20: Vander Planke, Mrs. Julius (Emelia Maria Vandemoortele) | E20: female | F20: 31 | G20: 1 | H20: 0 | I20: 345763 | J20: 18 | K20: Unknown | L20: S | M20: =IF(F20<13,"Child",IF(F20<20,"Teenager",IF(F20<40,"Adult",IF(F20<60,"Middle Age","Senior")))) -> Adult
A21: 20 | B21: 1 | C21: 3 | D21: Masselmani, Mrs. Fatima | E21: female | F21: 28 | G21: 0 | H21: 0 | I21: 2649 | J21: 7.225 | K21: Unknown | L21: C | M21: =IF(F21<13,"Child",IF(F21<20,"Teenager",IF(F21<40,"Adult",IF(F21<60,"Middle Age","Senior")))) -> Adult
A22: 21 | B22: 0 | C22: 2 | D22: Fynney, Mr. Joseph J | E22: male | F22: 35 | G22: 0 | H22: 0 | I22: 239865 | J22: 26 | K22: Unknown | L22: S | M22: =IF(F22<13,"Child",IF(F22<20,"Teenager",IF(F22<40,"Adult",IF(F22<60,"Middle Age","Senior")))) -> Adult
A23: 22 | B23: 1 | C23: 2 | D23: Beesley, Mr. Lawrence | E23: male | F23: 34 | G23: 0 | H23: 0 | I23: 248698 | J23: 13 | K23: D56 | L23: S | M23: =IF(F23<13,"Child",IF(F23<20,"Teenager",IF(F23<40,"Adult",IF(F23<60,"Middle Age","Senior")))) -> Adult
A24: 23 | B24: 1 | C24: 3 | D24: McGowan, Miss. Anna "Annie" | E24: female | F24: 15 | G24: 0 | H24: 0 | I24: 330923 | J24: 8.0292 | K24: Unknown | L24: Q | M24: =IF(F24<13,"Child",IF(F24<20,"Teenager",IF(F24<40,"Adult",IF(F24<60,"Middle Age","Senior")))) -> Teenager
A25: 24 | B25: 1 | C25: 1 | D25: Sloper, Mr. William Thompson | E25: male | F25: 28 | G25: 0 | H25: 0 | I25: 113788 | J25: 35.5 | K25: A6 | L25: S | M25: =IF(F25<13,"Child",IF(F25<20,"Teenager",IF(F25<40,"Adult",IF(F25<60,"Middle Age","Senior")))) -> Adult
A26: 25 | B26: 0 | C26: 3 | D26: Palsson, Miss. Torborg Danira | E26: female | F26: 8 | G26: 3 | H26: 1 | I26: 349909 | J26: 21.075 | K26: Unknown | L26: S | M26: =IF(F26<13,"Child",IF(F26<20,"Teenager",IF(F26<40,"Adult",IF(F26<60,"Middle Age","Senior")))) -> Child
... A31: 30 | B31: 0 | C31: 3 | D31: Todoroff, Mr. Lalio | E31: male | F31: 28 | G31: 0 | H31: 0 | I31: 349216 | J31: 7.8958 | K31: Unknown | L31: S | M31: =IF(F31<13,"Child",IF(F31<20,"Teenager",IF(F31<40,"Adult",IF(F31<60,"Middle Age","Senior")))) -> Adult
A32: 31 | B32: 0 | C32: 1 | D32: Uruchurtu, Don. Manuel E | E32: male | F32: 40 | G32: 0 | H32: 0 | I32: PC 17601 | J32: 27.7208 | K32: Unknown | L32: C | M32: =IF(F32<13,"Child",IF(F32<20,"Teenager",IF(F32<40,"Adult",IF(F32<60,"Middle Age","Senior")))) -> Middle Age
A33: 32 | B33: 1 | C33: 1 | D33: Spencer, Mrs. William Augustus (Marie Eugenie) | E33: female | F33: 28 | G33: 1 | H33: 0 | I33: PC 17569 | J33: 146.5208 | K33: B78 | L33: C | M33: =IF(F33<13,"Child",IF(F33<20,"Teenager",IF(F33<40,"Adult",IF(F33<60,"Middle Age","Senior")))) -> Adult
A34: 33 | B34: 1 | C34: 3 | D34: Glynn, Miss. Mary Agatha | E34: female | F34: 28 | G34: 0 | H34: 0 | I34: 335677 | J34: 7.75 | K34: Unknown | L34: Q | M34: =IF(F34<13,"Child",IF(F34<20,"Teenager",IF(F34<40,"Adult",IF(F34<60,"Middle Age","Senior")))) -> Adult
A35: 34 | B35: 0 | C35: 2 | D35: Wheadon, Mr. Edward H | E35: male | F35: 66 | G35: 0 | H35: 0 | I35: C.A. 24579 | J35: 10.5 | K35: Unknown | L35: S | M35: =IF(F35<13,"Child",IF(F35<20,"Teenager",IF(F35<40,"Adult",IF(F35<60,"Middle Age","Senior")))) -> Senior
A36: 35 | B36: 0 | C36: 1 | D36: Meyer, Mr. Edgar Joseph | E36: male | F36: 28 | G36: 1 | H36: 0 | I36: PC 17604 | J36: 82.1708 | K36: Unknown | L36: C | M36: =IF(F36<13,"Child",IF(F36<20,"Teenager",IF(F36<40,"Adult",IF(F36<60,"Middle Age","Senior")))) -> Adult
A37: 36 | B37: 0 | C37: 1 | D37: Holverson, Mr. Alexander Oskar | E37: male | F37: 42 | G37: 1 | H37: 0 | I37: 113789 | J37: 52 | K37: Unknown | L37: S | M37: =IF(F37<13,"Child",IF(F37<20,"Teenager",IF(F37<40,"Adult",IF(F37<60,"Middle Age","Senior")))) -> Middle Age
A38: 37 | B38: 1 | C38: 3 | D38: Mamee, Mr. Hanna | E38: male | F38: 28 | G38: 0 | H38: 0 | I38: 2677 | J38: 7.2292 | K38: Unknown | L38: C | M38: =IF(F38<13,"Child",IF(F38<20,"Teenager",IF(F38<40,"Adult",IF(F38<60,"Middle Age","Senior")))) -> Adult
A39: 38 | B39: 0 | C39: 3 | D39: Cann, Mr. Ernest Charles | E39: male | F39: 21 | G39: 0 | H39: 0 | I39: A./5. 2152 | J39: 8.05 | K39: Unknown | L39: S | M39: =IF(F39<13,"Child",IF(F39<20,"Teenager",IF(F39<40,"Adult",IF(F39<60,"Middle Age","Senior")))) -> Adult
A40: 39 | B40: 0 | C40: 3 | D40: Vander Planke, Miss. Augusta Maria | E40: female | F40: 18 | G40: 2 | H40: 0 | I40: 345764 | J40: 18 | K40: Unknown | L40: S | M40: =IF(F40<13,"Child",IF(F40<20,"Teenager",IF(F40<40,"Adult",IF(F40<60,"Middle Age","Senior")))) -> Teenager
A41: 40 | B41: 1 | C41: 3 | D41: Nicola-Yarred, Miss. Jamila | E41: female | F41: 14 | G41: 1 | H41: 0 | I41: 2651 | J41: 11.2417 | K41: Unknown | L41: C | M41: =IF(F41<13,"Child",IF(F41<20,"Teenager",IF(F41<40,"Adult",IF(F41<60,"Middle Age","Senior")))) -> Teenager
A42: 41 | B42: 0 | C42: 3 | D42: Ahlin, Mrs. Johan (Johanna Persdotter Larsson) | E42: female | F42: 40 | G42: 1 | H42: 0 | I42: 7546 | J42: 9.475 | K42: Unknown | L42: S | M42: =IF(F42<13,"Child",IF(F42<20,"Teenager",IF(F42<40,"Adult",IF(F42<60,"Middle Age","Senior")))) -> Middle Age
A43: 42 | B43: 0 | C43: 2 | D43: Turpin, Mrs. William John Robert (Dorothy Ann Wonnacott) | E43: female | F43: 27 | G43: 1 | H43: 0 | I43: 11668 | J43: 21 | K43: Unknown | L43: S | M43: =IF(F43<13,"Child",IF(F43<20,"Teenager",IF(F43<40,"Adult",IF(F43<60,"Middle Age","Senior")))) -> Adult
A44: 43 | B44: 0 | C44: 3 | D44: Kraeff, Mr. Theodor | E44: male | F44: 28 | G44: 0 | H44: 0 | I44: 349253 | J44: 7.8958 | K44: Unknown | L44: C | M44: =IF(F44<13,"Child",IF(F44<20,"Teenager",IF(F44<40,"Adult",IF(F44<60,"Middle Age","Senior")))) -> Adult
A45: 44 | B45: 1 | C45: 2 | D45: Laroche, Miss. Simonne Marie Anne Andree | E45: female | F45: 3 | G45: 1 | H45: 2 | I45: SC/Paris 2123 | J45: 41.5792 | K45: Unknown | L45: C | M45: =IF(F45<13,"Child",IF(F45<20,"Teenager",IF(F45<40,"Adult",IF(F45<60,"Middle Age","Senior")))) -> Child
A46: 45 | B46: 1 | C46: 3 | D46: Devaney, Miss. Margaret Delia | E46: female | F46: 19 | G46: 0 | H46: 0 | I46: 330958 | J46: 7.8792 | K46: Unknown | L46: Q | M46: =IF(F46<13,"Child",IF(F46<20,"Teenager",IF(F46<40,"Adult",IF(F46<60,"Middle Age","Senior")))) -> Teenager
A47: 46 | B47: 0 | C47: 3 | D47: Rogers, Mr. William John | E47: male | F47: 28 | G47: 0 | H47: 0 | I47: S.C./A.4. 23567 | J47: 8.05 | K47: Unknown | L47: S | M47: =IF(F47<13,"Child",IF(F47<20,"Teenager",IF(F47<40,"Adult",IF(F47<60,"Middle Age","Senior")))) -> Adult
A48: 47 | B48: 0 | C48: 3 | D48: Lennon, Mr. Denis | E48: male | F48: 28 | G48: 1 | H48: 0 | I48: 370371 | J48: 15.5 | K48: Unknown | L48: Q | M48: =IF(F48<13,"Child",IF(F48<20,"Teenager",IF(F48<40,"Adult",IF(F48<60,"Middle Age","Senior")))) -> Adult
A49: 48 | B49: 1 | C49: 3 | D49: O'Driscoll, Miss. Bridget | E49: female | F49: 28 | G49: 0 | H49: 0 | I49: 14311 | J49: 7.75 | K49: Unknown | L49: Q | M49: =IF(F49<13,"Child",IF(F49<20,"Teenager",IF(F49<40,"Adult",IF(F49<60,"Middle Age","Senior")))) -> Adult
A50: 49 | B50: 0 | C50: 3 | D50: Samaan, Mr. Youssef | E50: male | F50: 28 | G50: 2 | H50: 0 | I50: 2662 | J50: 21.6792 | K50: Unknown | L50: C | M50: =IF(F50<13,"Child",IF(F50<20,"Teenager",IF(F50<40,"Adult",IF(F50<60,"Middle Age","Senior")))) -> Adult
A51: 50 | B51: 0 | C51: 3 | D51: Arnold-Franchi, Mrs. Josef (Josefine Franchi) | E51: female | F51: 18 | G51: 1 | H51: 0 | I51: 349237 | J51: 17.8 | K51: Unknown | L51: S | M51: =IF(F51<13,"Child",IF(F51<20,"Teenager",IF(F51<40,"Adult",IF(F51<60,"Middle Age","Senior")))) -> Teenager
A52: 51 | B52: 0 | C52: 3 | D52: Panula, Master. Juha Niilo | E52: male | F52: 7 | G52: 4 | H52: 1 | I52: 3101295 | J52: 39.6875 | K52: Unknown | L52: S | M52: =IF(F52<13,"Child",IF(F52<20,"Teenager",IF(F52<40,"Adult",IF(F52<60,"Middle Age","Senior")))) -> Child
A53: 52 | B53: 0 | C53: 3 | D53: Nosworthy, Mr. Richard Cater | E53: male | F53: 21 | G53: 0 | H53: 0 | I53: A/4. 39886 | J53: 7.8 | K53: Unknown | L53: S | M53: =IF(F53<13,"Child",IF(F53<20,"Teenager",IF(F53<40,"Adult",IF(F53<60,"Middle Age","Senior")))) -> Adult
A54: 53 | B54: 1 | C54: 1 | D54: Harper, Mrs. Henry Sleeper (Myna Haxtun) | E54: female | F54: 49 | G54: 1 | H54: 0 | I54: PC 17572 | J54: 76.7292 | K54: D33 | L54: C | M54: =IF(F54<13,"Child",IF(F54<20,"Teenager",IF(F54<40,"Adult",IF(F54<60,"Middle Age","Senior")))) -> Middle Age
A55: 54 | B55: 1 | C55: 2 | D55: Faunthorpe, Mrs. Lizzie (Elizabeth Anne Wilkinson) | E55: female | F55: 29 | G55: 1 | H55: 0 | I55: 2926 | J55: 26 | K55: Unknown | L55: S | M55: =IF(F55<13,"Child",IF(F55<20,"Teenager",IF(F55<40,"Adult",IF(F55<60,"Middle Age","Senior")))) -> Adult
A56: 55 | B56: 0 | C56: 1 | D56: Ostby, Mr. Engelhart Cornelius | E56: male | F56: 65 | G56: 0 | H56: 1 | I56: 113509 | J56: 61.9792 | K56: B30 | L56: C | M56: =IF(F56<13,"Child",IF(F56<20,"Teenager",IF(F56<40,"Adult",IF(F56<60,"Middle Age","Senior")))) -> Senior
A57: 56 | B57: 1 | C57: 1 | D57: Woolner, Mr. Hugh | E57: male | F57: 28 | G57: 0 | H57: 0 | I57: 19947 | J57: 35.5 | K57: C52 | L57: S | M57: =IF(F57<13,"Child",IF(F57<20,"Teenager",IF(F57<40,"Adult",IF(F57<60,"Middle Age","Senior")))) -> Adult
A58: 57 | B58: 1 | C58: 2 | D58: Rugg, Miss. Emily | E58: female | F58: 21 | G58: 0 | H58: 0 | I58: C.A. 31026 | J58: 10.5 | K58: Unknown | L58: S | M58: =IF(F58<13,"Child",IF(F58<20,"Teenager",IF(F58<40,"Adult",IF(F58<60,"Middle Age","Senior")))) -> Adult
A59: 58 | B59: 0 | C59: 3 | D59: Novel, Mr. Mansouer | E59: male | F59: 28.5 | G59: 0 | H59: 0 | I59: 2697 | J59: 7.2292 | K59: Unknown | L59: C | M59: =IF(F59<13,"Child",IF(F59<20,"Teenager",IF(F59<40,"Adult",IF(F59<60,"Middle Age","Senior")))) -> Adult
A60: 59 | B60: 1 | C60: 2 | D60: West, Miss. Constance Mirium | E60: female | F60: 5 | G60: 1 | H60: 2 | I60: C.A. 34651 | J60: 27.75 | K60: Unknown | L60: S | M60: =IF(F60<13,"Child",IF(F60<20,"Teenager",IF(F60<40,"Adult",IF(F60<60,"Middle Age","Senior")))) -> Child
A61: 60 | B61: 0 | C61: 3 | D61: Goodwin, Master. William Frederick | E61: male | F61: 11 | G61: 5 | H61: 2 | I61: CA 2144 | J61: 46.9 | K61: Unknown | L61: S | M61: =IF(F61<13,"Child",IF(F61<20,"Teenager",IF(F61<40,"Adult",IF(F61<60,"Middle Age","Senior")))) -> Child
A62: 61 | B62: 0 | C62: 3 | D62: Sirayanian, Mr. Orsen | E62: male | F62: 22 | G62: 0 | H62: 0 | I62: 2669 | J62: 7.2292 | K62: Unknown | L62: C | M62: =IF(F62<13,"Child",IF(F62<20,"Teenager",IF(F62<40,"Adult",IF(F62<60,"Middle Age","Senior")))) -> Adult
A63: 62 | B63: 1 | C63: 1 | D63: Icard, Miss. Amelie | E63: female | F63: 38 | G63: 0 | H63: 0 | I63: 113572 | J63: 80 | K63: B28 | L63: s | M63: =IF(F63<13,"Child",IF(F63<20,"Teenager",IF(F63<40,"Adult",IF(F63<60,"Middle Age","Senior")))) -> Adult
A64: 63 | B64: 0 | C64: 1 | D64: Harris, Mr. Henry Birkhardt | E64: male | F64: 45 | G64: 1 | H64: 0 | I64: 36973 | J64: 83.475 | K64: C83 | L64: S | M64: =IF(F64<13,"Child",IF(F64<20,"Teenager",IF(F64<40,"Adult",IF(F64<60,"Middle Age","Senior")))) -> Middle Age
A65: 64 | B65: 0 | C65: 3 | D65: Skoog, Master. Harald | E65: male | F65: 4 | G65: 3 | H65: 2 | I65: 347088 | J65: 27.9 | K65: Unknown | L65: S | M65: =IF(F65<13,"Child",IF(F65<20,"Teenager",IF(F65<40,"Adult",IF(F65<60,"Middle Age","Senior")))) -> Child
A66: 65 | B66: 0 | C66: 1 | D66: Stewart, Mr. Albert A | E66: male | F66: 28 | G66: 0 | H66: 0 | I66: PC 17605 | J66: 27.7208 | K66: Unknown | L66: C | M66: =IF(F66<13,"Child",IF(F66<20,"Teenager",IF(F66<40,"Adult",IF(F66<60,"Middle Age","Senior")))) -> Adult
A67: 66 | B67: 1 | C67: 3 | D67: Moubarek, Master. Gerios | E67: male | F67: 28 | G67: 1 | H67: 1 | I67: 2661 | J67: 15.2458 | K67: Unknown | L67: C | M67: =IF(F67<13,"Child",IF(F67<20,"Teenager",IF(F67<40,"Adult",IF(F67<60,"Middle Age","Senior")))) -> Adult
A68: 67 | B68: 1 | C68: 2 | D68: Nye, Mrs. (Elizabeth Ramell) | E68: female | F68: 29 | G68: 0 | H68: 0 | I68: C.A. 29395 | J68: 10.5 | K68: F33 | L68: S | M68: =IF(F68<13,"Child",IF(F68<20,"Teenager",IF(F68<40,"Adult",IF(F68<60,"Middle Age","Senior")))) -> Adult
A69: 68 | B69: 0 | C69: 3 | D69: Crease, Mr. Ernest James | E69: male | F69: 19 | G69: 0 | H69: 0 | I69: S.P. 3464 | J69: 8.1583 | K69: Unknown | L69: S | M69: =IF(F69<13,"Child",IF(F69<20,"Teenager",IF(F69<40,"Adult",IF(F69<60,"Middle Age","Senior")))) -> Teenager
A70: 69 | B70: 1 | C70: 3 | D70: Andersson, Miss. Erna Alexandra | E70: female | F70: 17 | G70: 4 | H70: 2 | I70: 3101281 | J70: 7.925 | K70: Unknown | L70: S | M70: =IF(F70<13,"Child",IF(F70<20,"Teenager",IF(F70<40,"Adult",IF(F70<60,"Middle Age","Senior")))) -> Teenager
A71: 70 | B71: 0 | C71: 3 | D71: Kink, Mr. Vincenz | E71: male | F71: 26 | G71: 2 | H71: 0 | I71: 315151 | J71: 8.6625 | K71: Unknown | L71: S | M71: =IF(F71<13,"Child",IF(F71<20,"Teenager",IF(F71<40,"Adult",IF(F71<60,"Middle Age","Senior")))) -> Adult
A72: 71 | B72: 0 | C72: 2 | D72: Jenkin, Mr. Stephen Curnow | E72: male | F72: 32 | G72: 0 | H72: 0 | I72: C.A. 33111 | J72: 10.5 | K72: Unknown | L72: S | M72: =IF(F72<13,"Child",IF(F72<20,"Teenager",IF(F72<40,"Adult",IF(F72<60,"Middle Age","Senior")))) -> Adult
A73: 72 | B73: 0 | C73: 3 | D73: Goodwin, Miss. Lillian Amy | E73: female | F73: 16 | G73: 5 | H73: 2 | I73: CA 2144 | J73: 46.9 | K73: Unknown | L73: S | M73: =IF(F73<13,"Child",IF(F73<20,"Teenager",IF(F73<40,"Adult",IF(F73<60,"Middle Age","Senior")))) -> Teenager
A74: 73 | B74: 0 | C74: 2 | D74: Hood, Mr. Ambrose Jr | E74: male | F74: 21 | G74: 0 | H74: 0 | I74: S.O.C. 14879 | J74: 73.5 | K74: Unknown | L74: S | M74: =IF(F74<13,"Child",IF(F74<20,"Teenager",IF(F74<40,"Adult",IF(F74<60,"Middle Age","Senior")))) -> Adult
A75: 74 | B75: 0 | C75: 3 | D75: Chronopoulos, Mr. Apostolos | E75: male | F75: 26 | G75: 1 | H75: 0 | I75: 2680 | J75: 14.4542 | K75: Unknown | L75: C | M75: =IF(F75<13,"Child",IF(F75<20,"Teenager",IF(F75<40,"Adult",IF(F75<60,"Middle Age","Senior")))) -> Adult
A76: 75 | B76: 1 | C76: 3 | D76: Bing, Mr. Lee | E76: male | F76: 32 | G76: 0 | H76: 0 | I76: 1601 | J76: 56.4958 | K76: Unknown | L76: S | M76: =IF(F76<13,"Child",IF(F76<20,"Teenager",IF(F76<40,"Adult",IF(F76<60,"Middle Age","Senior")))) -> Adult
A77: 76 | B77: 0 | C77: 3 | D77: Moen, Mr. Sigurd Hansen | E77: male | F77: 25 | G77: 0 | H77: 0 | I77: 348123 | J77: 7.65 | K77: F G73 | L77: S | M77: =IF(F77<13,"Child",IF(F77<20,"Teenager",IF(F77<40,"Adult",IF(F77<60,"Middle Age","Senior")))) -> Adult
A78: 77 | B78: 0 | C78: 3 | D78: Staneff, Mr. Ivan | E78: male | F78: 28 | G78: 0 | H78: 0 | I78: 349208 | J78: 7.8958 | K78: Unknown | L78: S | M78: =IF(F78<13,"Child",IF(F78<20,"Teenager",IF(F78<40,"Adult",IF(F78<60,"Middle Age","Senior")))) -> Adult
A79: 78 | B79: 0 | C79: 3 | D79: Moutal, Mr. Rahamin Haim | E79: male | F79: 28 | G79: 0 | H79: 0 | I79: 374746 | J79: 8.05 | K79: Unknown | L79: S | M79: =IF(F79<13,"Child",IF(F79<20,"Teenager",IF(F79<40,"Adult",IF(F79<60,"Middle Age","Senior")))) -> Adult
A80: 79 | B80: 1 | C80: 2 | D80: Caldwell, Master. Alden Gates | E80: male | F80: 0.83 | G80: 0 | H80: 2 | I80: 248738 | J80: 29 | K80: Unknown | L80: S | M80: =IF(F80<13,"Child",IF(F80<20,"Teenager",IF(F80<40,"Adult",IF(F80<60,"Middle Age","Senior")))) -> Child
A81: 80 | B81: 1 | C81: 3 | D81: Dowdell, Miss. Elizabeth | E81: female | F81: 30 | G81: 0 | H81: 0 | I81: 364516 | J81: 12.475 | K81: Unknown | L81: S | M81: =IF(F81<13,"Child",IF(F81<20,"Teenager",IF(F81<40,"Adult",IF(F81<60,"Middle Age","Senior")))) -> Adult
A82: 81 | B82: 0 | C82: 3 | D82: Waelens, Mr. Achille | E82: male | F82: 22 | G82: 0 | H82: 0 | I82: 345767 | J82: 9 | K82: Unknown | L82: S | M82: =IF(F82<13,"Child",IF(F82<20,"Teenager",IF(F82<40,"Adult",IF(F82<60,"Middle Age","Senior")))) -> Adult
A83: 82 | B83: 1 | C83: 3 | D83: Sheerlinck, Mr. Jan Baptist | E83: male | F83: 29 | G83: 0 | H83: 0 | I83: 345779 | J83: 9.5 | K83: Unknown | L83: S | M83: =IF(F83<13,"Child",IF(F83<20,"Teenager",IF(F83<40,"Adult",IF(F83<60,"Middle Age","Senior")))) -> Adult
A84: 83 | B84: 1 | C84: 3 | D84: McDermott, Miss. Brigdet Delia | E84: female | F84: 28 | G84: 0 | H84: 0 | I84: 330932 | J84: 7.7875 | K84: Unknown | L84: Q | M84: =IF(F84<13,"Child",IF(F84<20,"Teenager",IF(F84<40,"Adult",IF(F84<60,"Middle Age","Senior")))) -> Adult
A85: 84 | B85: 0 | C85: 1 | D85: Carrau, Mr. Francisco M | E85: male | F85: 28 | G85: 0 | H85: 0 | I85: 113059 | J85: 47.1 | K85: Unknown | L85: S | M85: =IF(F85<13,"Child",IF(F85<20,"Teenager",IF(F85<40,"Adult",IF(F85<60,"Middle Age","Senior")))) -> Adult
A86: 85 | B86: 1 | C86: 2 | D86: Ilett, Miss. Bertha | E86: female | F86: 17 | G86: 0 | H86: 0 | I86: SO/C 14885 | J86: 10.5 | K86: Unknown | L86: S | M86: =IF(F86<13,"Child",IF(F86<20,"Teenager",IF(F86<40,"Adult",IF(F86<60,"Middle Age","Senior")))) -> Teenager
A87: 86 | B87: 1 | C87: 3 | D87: Backstrom, Mrs. Karl Alfred (Maria Mathilda Gustafsson) | E87: female | F87: 33 | G87: 3 | H87: 0 | I87: 3101278 | J87: 15.85 | K87: Unknown | L87: S | M87: =IF(F87<13,"Child",IF(F87<20,"Teenager",IF(F87<40,"Adult",IF(F87<60,"Middle Age","Senior")))) -> Adult
A88: 87 | B88: 0 | C88: 3 | D88: Ford, Mr. William Neal | E88: male | F88: 16 | G88: 1 | H88: 3 | I88: W./C. 6608 | J88: 34.375 | K88: Unknown | L88: S | M88: =IF(F88<13,"Child",IF(F88<20,"Teenager",IF(F88<40,"Adult",IF(F88<60,"Middle Age","Senior")))) -> Teenager
A89: 88 | B89: 0 | C89: 3 | D89: Slocovski, Mr. Selman Francis | E89: male | F89: 28 | G89: 0 | H89: 0 | I89: SOTON/OQ 392086 | J89: 8.05 | K89: Unknown | L89: S | M89: =IF(F89<13,"Child",IF(F89<20,"Teenager",IF(F89<40,"Adult",IF(F89<60,"Middle Age","Senior")))) -> Adult
A90: 89 | B90: 1 | C90: 1 | D90: Fortune, Miss. Mabel Helen | E90: female | F90: 23 | G90: 3 | H90: 2 | I90: 19950 | J90: 263 | K90: C23 C25 C27 | L90: S | M90: =IF(F90<13,"Child",IF(F90<20,"Teenager",IF(F90<40,"Adult",IF(F90<60,"Middle Age","Senior")))) -> Adult
A91: 90 | B91: 0 | C91: 3 | D91: Celotti, Mr. Francesco | E91: male | F91: 24 | G91: 0 | H91: 0 | I91: 343275 | J91: 8.05 | K91: Unknown | L91: S | M91: =IF(F91<13,"Child",IF(F91<20,"Teenager",IF(F91<40,"Adult",IF(F91<60,"Middle Age","Senior")))) -> Adult
A92: 91 | B92: 0 | C92: 3 | D92: Christmann, Mr. Emil | E92: male | F92: 29 | G92: 0 | H92: 0 | I92: 343276 | J92: 8.05 | K92: Unknown | L92: S | M92: =IF(F92<13,"Child",IF(F92<20,"Teenager",IF(F92<40,"Adult",IF(F92<60,"Middle Age","Senior")))) -> Adult
A93: 92 | B93: 0 | C93: 3 | D93: Andreasson, Mr. Paul Edvin | E93: male | F93: 20 | G93: 0 | H93: 0 | I93: 347466 | J93: 7.8542 | K93: Unknown | L93: S | M93: =IF(F93<13,"Child",IF(F93<20,"Teenager",IF(F93<40,"Adult",IF(F93<60,"Middle Age","Senior")))) -> Adult
A94: 93 | B94: 0 | C94: 1 | D94: Chaffee, Mr. Herbert Fuller | E94: male | F94: 46 | G94: 1 | H94: 0 | I94: W.E.P. 5734 | J94: 61.175 | K94: E31 | L94: S | M94: =IF(F94<13,"Child",IF(F94<20,"Teenager",IF(F94<40,"Adult",IF(F94<60,"Middle Age","Senior")))) -> Middle Age
A95: 94 | B95: 0 | C95: 3 | D95: Dean, Mr. Bertram Frank | E95: male | F95: 26 | G95: 1 | H95: 2 | I95: C.A. 2315 | J95: 20.575 | K95: Unknown | L95: S | M95: =IF(F95<13,"Child",IF(F95<20,"Teenager",IF(F95<40,"Adult",IF(F95<60,"Middle Age","Senior")))) -> Adult
A96: 95 | B96: 0 | C96: 3 | D96: Coxon, Mr. Daniel | E96: male | F96: 59 | G96: 0 | H96: 0 | I96: 364500 | J96: 7.25 | K96: Unknown | L96: S | M96: =IF(F96<13,"Child",IF(F96<20,"Teenager",IF(F96<40,"Adult",IF(F96<60,"Middle Age","Senior")))) -> Middle Age
A97: 96 | B97: 0 | C97: 3 | D97: Shorney, Mr. Charles Joseph | E97: male | F97: 28 | G97: 0 | H97: 0 | I97: 374910 | J97: 8.05 | K97: Unknown | L97: S | M97: =IF(F97<13,"Child",IF(F97<20,"Teenager",IF(F97<40,"Adult",IF(F97<60,"Middle Age","Senior")))) -> Adult
A98: 97 | B98: 0 | C98: 1 | D98: Goldschmidt, Mr. George B | E98: male | F98: 71 | G98: 0 | H98: 0 | I98: PC 17754 | J98: 34.6542 | K98: A5 | L98: C | M98: =IF(F98<13,"Child",IF(F98<20,"Teenager",IF(F98<40,"Adult",IF(F98<60,"Middle Age","Senior")))) -> Senior
A99: 98 | B99: 1 | C99: 1 | D99: Greenfield, Mr. William Bertram | E99: male | F99: 23 | G99: 0 | H99: 1 | I99: PC 17759 | J99: 63.3583 | K99: D10 D12 | L99: C | M99: =IF(F99<13,"Child",IF(F99<20,"Teenager",IF(F99<40,"Adult",IF(F99<60,"Middle Age","Senior")))) -> Adult
A100: 99 | B100: 1 | C100: 2 | D100: Doling, Mrs. John T (Ada Julia Bone) | E100: female | F100: 34 | G100: 0 | H100: 1 | I100: 231919 | J100: 23 | K100: Unknown | L100: S | M100: =IF(F100<13,"Child",IF(F100<20,"Teenager",IF(F100<40,"Adult",IF(F100<60,"Middle Age","Senior")))) -> Adult
A101: 100 | B101: 0 | C101: 2 | D101: Kantor, Mr. Sinai | E101: male | F101: 34 | G101: 1 | H101: 0 | I101: 244367 | J101: 26 | K101: Unknown | L101: S | M101: =IF(F101<13,"Child",IF(F101<20,"Teenager",IF(F101<40,"Adult",IF(F101<60,"Middle Age","Senior")))) -> Adult
A102: 101 | B102: 0 | C102: 3 | D102: Petranec, Miss. Matilda | E102: female | F102: 28 | G102: 0 | H102: 0 | I102: 349245 | J102: 7.8958 | K102: Unknown | L102: S | M102: =IF(F102<13,"Child",IF(F102<20,"Teenager",IF(F102<40,"Adult",IF(F102<60,"Middle Age","Senior")))) -> Adult
A103: 102 | B103: 0 | C103: 3 | D103: Petroff, Mr. Pastcho ("Pentcho") | E103: male | F103: 28 | G103: 0 | H103: 0 | I103: 349215 | J103: 7.8958 | K103: Unknown | L103: S | M103: =IF(F103<13,"Child",IF(F103<20,"Teenager",IF(F103<40,"Adult",IF(F103<60,"Middle Age","Senior")))) -> Adult
A104: 103 | B104: 0 | C104: 1 | D104: White, Mr. Richard Frasar | E104: male | F104: 21 | G104: 0 | H104: 1 | I104: 35281 | J104: 77.2875 | K104: D26 | L104: S | M104: =IF(F104<13,"Child",IF(F104<20,"Teenager",IF(F104<40,"Adult",IF(F104<60,"Middle Age","Senior")))) -> Adult
...

Sheet Data Quality Check
A1: A | B1: B | D1: Minimum Age | E1: Maximum Age | F1: Minimum Fare | G1: Maximum Fare
A2: Column | B2: Missing Values | D2: =MIN(train!F2:F892) -> 0.42 | E2: =MAX(train!F2:F892) -> 80 | F2: =MIN(train!J2:J892) -> 0 | G2: =MAX(train!J2:J892) -> 512.3292
A3: PassengerId | B3: =COUNTBLANK(train!A2:A892) -> 0
A4: Survived | B4: =COUNTBLANK(train!B2:B892) -> 0
A5: Pclass | B5: =COUNTBLANK(train!C2:C892) -> 0
A6: Name | B6: =COUNTBLANK(train!F2:F892) -> 0
A7: Sex | B7: 0
A8: Age | B8: =COUNTBLANK(train!F2:F892) -> 0 | E8: Check | F8: Formula | G8: Expected Result
A9: SibSp | B9: =COUNTBLANK(train!G2:G892) -> 0 | E9: Missing Age | F9: =COUNTBLANK(train!F2:F892) -> 0 | G9: 0
A10: Parch | B10: =COUNTBLANK(train!H2:H892) -> 0 | E10: Missing Cabin | F10: =COUNTBLANK(train!K2:K892) -> 0 | G10: 0
A11: Ticket | B11: =COUNTBLANK(train!I2:I892) -> 0 | E11: Missing Embarked | F11: =COUNTBLANK(train!L2:L892) -> 0 | G11: 0
A12: Fare | B12: =COUNTBLANK(train!J2:J892) -> 0
A13: Cabin | B13: =COUNTBLANK(train!K2:K892) -> 0
A14: Embarked | B14: =COUNTBLANK(train!L2:L892) -> 0
A15: Duplicate Records | B15: 0 duplicates found
A21: Check | B21: Result
A22: Duplicate Records | B22: 0 duplicates found
A23: Sex consistency | B23: male, female only
A24: Embarked consistency | B24: S, C, Q only
A25: Pclass consistency | B25: 1, 2, 3 only
A26: Survived consistency | B26: 0, 1 only

Sheet EDA
A1: Cell | B1: Type | C1: EDA
A3: Statistic | B3: Value
A4: Total Passengers | B4: =COUNTA(train!A2:A892) -> 891
A5: Total Survivors | B5: =COUNTIF(train!B2:B892,1) -> 342
A6: Survival Rate | B6: =B5/B4 -> 0.38383838
A7: Average Age | B7: =AVERAGE(train!F2:F892) -> 29.390763
A8: Average Fare | B8: =AVERAGE(train!J2:J892) -> 32.204208
A11: Age Group
A12: Passenger Count
A13: Child | B13: =COUNTIF(train!M:M,"Child") -> 68
A14: Teenager | B14: =COUNTIF(train!M:M,"Teenager") -> 95
A15: Adult | B15: =COUNTIF(train!M:M,"Adult") -> 565
A16: Middle Age | B16: =COUNTIF(train!M:M,"Middle Age") -> 137
A17: Senior | B17: =COUNTIF(train!M:M,"Senior") -> 26
A19: Passenger Class | B19: Average Fare
A20: 1 | B20: =AVERAGEIF(train!C:C,A20,train!J:J) -> 84.154687
A21: 2 | B21: =AVERAGEIF(train!C:C,A21,train!J:J) -> 20.662183
A22: 3 | B22: =AVERAGEIF(train!C:C,A22,train!J:J) -> 13.67555
A25: Key Insights
A26: 2. Female passengers had 233 survivors, compared with 109 male survivors.
A27: 3. First-class passengers had the highest average fare at 84.15, compared with 20.66 for second class and 13.68 for third class.
A28: 4. Most passengers were adults, with 565 passengers in the Adult age group.
A29: 5. Southampton (S) was the most common embarkation port among the passengers.
